date,symbol,close
2024-01-02,AURORA,100.086657
2024-01-02,CIRRUS,100.164243
2024-01-02,HARBOR,99.900199
2024-01-02,TERRA,99.678213
2024-01-03,AURORA,99.693612
2024-01-03,CIRRUS,99.898028
2024-01-03,HARBOR,99.970779
2024-01-03,TERRA,98.923134
2024-01-04,AURORA,101.153540
2024-01-04,CIRRUS,99.601732
2024-01-04,HARBOR,99.931698
2024-01-04,TERRA,99.259045
2024-01-05,AURORA,102.070716
2024-01-05,CIRRUS,98.922766
2024-01-05,HARBOR,99.812084
2024-01-05,TERRA,100.491295
2024-01-08,AURORA,103.350881
2024-01-08,CIRRUS,99.116321
2024-01-08,HARBOR,99.703819
2024-01-08,TERRA,100.058467
2024-01-09,AURORA,103.345315
2024-01-09,CIRRUS,99.404279
2024-01-09,HARBOR,100.000358
2024-01-09,TERRA,101.027290
2024-01-10,AURORA,101.907454
2024-01-10,CIRRUS,99.867456
2024-01-10,HARBOR,99.662809
2024-01-10,TERRA,100.878580
2024-01-11,AURORA,102.192790
2024-01-11,CIRRUS,99.646116
2024-01-11,HARBOR,99.502780
2024-01-11,TERRA,101.282235
2024-01-12,AURORA,102.015931
2024-01-12,CIRRUS,99.896837
2024-01-12,HARBOR,99.702666
2024-01-12,TERRA,101.156490
2024-01-15,AURORA,102.451699
2024-01-15,CIRRUS,99.631052
2024-01-15,HARBOR,99.713072
2024-01-15,TERRA,101.752892
2024-01-16,AURORA,101.334244
2024-01-16,CIRRUS,99.887381
2024-01-16,HARBOR,100.007410
2024-01-16,TERRA,100.511520
2024-01-17,AURORA,100.622566
2024-01-17,CIRRUS,99.914189
2024-01-17,HARBOR,100.233925
2024-01-17,TERRA,100.447107
2024-01-18,AURORA,100.608996
2024-01-18,CIRRUS,99.629749
2024-01-18,HARBOR,99.981615
2024-01-18,TERRA,99.117458
2024-01-19,AURORA,100.806384
2024-01-19,CIRRUS,99.600282
2024-01-19,HARBOR,100.041333
2024-01-19,TERRA,98.759719
2024-01-22,AURORA,100.556452
2024-01-22,CIRRUS,100.358531
2024-01-22,HARBOR,100.083072
2024-01-22,TERRA,98.579528
2024-01-23,AURORA,101.345584
2024-01-23,CIRRUS,100.243844
2024-01-23,HARBOR,100.228077
2024-01-23,TERRA,98.586730
2024-01-24,AURORA,99.977626
2024-01-24,CIRRUS,99.971471
2024-01-24,HARBOR,100.260074
2024-01-24,TERRA,99.277103
2024-01-25,AURORA,100.862724
2024-01-25,CIRRUS,100.233023
2024-01-25,HARBOR,100.217419
2024-01-25,TERRA,98.812361
2024-01-26,AURORA,103.067405
2024-01-26,CIRRUS,99.851729
2024-01-26,HARBOR,99.971314
2024-01-26,TERRA,99.440590
2024-01-29,AURORA,102.799503
2024-01-29,CIRRUS,99.883603
2024-01-29,HARBOR,100.162024
2024-01-29,TERRA,97.907557
2024-01-30,AURORA,100.925171
2024-01-30,CIRRUS,100.046724
2024-01-30,HARBOR,100.065100
2024-01-30,TERRA,96.527811
2024-01-31,AURORA,99.569260
2024-01-31,CIRRUS,100.323187
2024-01-31,HARBOR,100.115820
2024-01-31,TERRA,97.477237
2024-02-01,AURORA,101.880252
2024-02-01,CIRRUS,99.598478
2024-02-01,HARBOR,100.067049
2024-02-01,TERRA,98.851005
2024-02-02,AURORA,101.900759
2024-02-02,CIRRUS,99.769998
2024-02-02,HARBOR,99.849090
2024-02-02,TERRA,99.461173
2024-02-05,AURORA,102.670463
2024-02-05,CIRRUS,99.582125
2024-02-05,HARBOR,99.648869
2024-02-05,TERRA,100.229881
2024-02-06,AURORA,101.881383
2024-02-06,CIRRUS,99.827540
2024-02-06,HARBOR,99.409647
2024-02-06,TERRA,101.277063
2024-02-07,AURORA,102.362544
2024-02-07,CIRRUS,100.338544
2024-02-07,HARBOR,99.467738
2024-02-07,TERRA,100.849103
2024-02-08,AURORA,104.611939
2024-02-08,CIRRUS,100.343497
2024-02-08,HARBOR,99.485450
2024-02-08,TERRA,101.341961
2024-02-09,AURORA,104.898925
2024-02-09,CIRRUS,100.636710
2024-02-09,HARBOR,99.579660
2024-02-09,TERRA,100.672333
2024-02-12,AURORA,103.945280
2024-02-12,CIRRUS,100.239952
2024-02-12,HARBOR,99.527665
2024-02-12,TERRA,100.458598
2024-02-13,AURORA,103.602089
2024-02-13,CIRRUS,100.353700
2024-02-13,HARBOR,99.526932
2024-02-13,TERRA,99.072594
2024-02-14,AURORA,102.708719
2024-02-14,CIRRUS,100.382691
2024-02-14,HARBOR,99.258366
2024-02-14,TERRA,98.760524
2024-02-15,AURORA,103.349338
2024-02-15,CIRRUS,99.852176
2024-02-15,HARBOR,99.434318
2024-02-15,TERRA,99.531272
2024-02-16,AURORA,103.657199
2024-02-16,CIRRUS,99.662200
2024-02-16,HARBOR,99.588000
2024-02-16,TERRA,99.827249
2024-02-19,AURORA,102.530796
2024-02-19,CIRRUS,99.618646
2024-02-19,HARBOR,99.695269
2024-02-19,TERRA,99.850748
2024-02-20,AURORA,101.007035
2024-02-20,CIRRUS,99.599263
2024-02-20,HARBOR,99.540323
2024-02-20,TERRA,98.722125
2024-02-21,AURORA,100.868034
2024-02-21,CIRRUS,99.591175
2024-02-21,HARBOR,99.488990
2024-02-21,TERRA,97.860450
2024-02-22,AURORA,101.892354
2024-02-22,CIRRUS,100.002974
2024-02-22,HARBOR,99.350374
2024-02-22,TERRA,98.174771
2024-02-23,AURORA,101.800461
2024-02-23,CIRRUS,99.920955
2024-02-23,HARBOR,99.408310
2024-02-23,TERRA,98.211343
2024-02-26,AURORA,101.278095
2024-02-26,CIRRUS,100.207488
2024-02-26,HARBOR,99.513899
2024-02-26,TERRA,98.082122
2024-02-27,AURORA,102.057816
2024-02-27,CIRRUS,100.315921
2024-02-27,HARBOR,99.481484
2024-02-27,TERRA,97.525557
2024-02-28,AURORA,103.525316
2024-02-28,CIRRUS,100.510185
2024-02-28,HARBOR,99.317885
2024-02-28,TERRA,97.997787
2024-02-29,AURORA,105.930504
2024-02-29,CIRRUS,99.896750
2024-02-29,HARBOR,99.293021
2024-02-29,TERRA,100.170997
2024-03-01,AURORA,107.722225
2024-03-01,CIRRUS,99.827170
2024-03-01,HARBOR,99.316284
2024-03-01,TERRA,100.896594
2024-03-04,AURORA,108.663535
2024-03-04,CIRRUS,99.583145
2024-03-04,HARBOR,99.383644
2024-03-04,TERRA,101.533308
2024-03-05,AURORA,106.183856
2024-03-05,CIRRUS,100.156831
2024-03-05,HARBOR,99.559456
2024-03-05,TERRA,101.347360
2024-03-06,AURORA,105.269382
2024-03-06,CIRRUS,101.180983
2024-03-06,HARBOR,99.628756
2024-03-06,TERRA,101.695910
2024-03-07,AURORA,105.197266
2024-03-07,CIRRUS,101.169663
2024-03-07,HARBOR,99.773309
2024-03-07,TERRA,102.069870
2024-03-08,AURORA,105.986928
2024-03-08,CIRRUS,100.857255
2024-03-08,HARBOR,99.847296
2024-03-08,TERRA,102.612649
2024-03-11,AURORA,105.327541
2024-03-11,CIRRUS,100.775107
2024-03-11,HARBOR,99.399176
2024-03-11,TERRA,103.745727
2024-03-12,AURORA,106.438609
2024-03-12,CIRRUS,100.619033
2024-03-12,HARBOR,99.506544
2024-03-12,TERRA,103.874689
2024-03-13,AURORA,106.982284
2024-03-13,CIRRUS,99.956274
2024-03-13,HARBOR,99.662377
2024-03-13,TERRA,103.341255
2024-03-14,AURORA,107.119465
2024-03-14,CIRRUS,100.251406
2024-03-14,HARBOR,99.650407
2024-03-14,TERRA,103.668146
2024-03-15,AURORA,106.767139
2024-03-15,CIRRUS,100.664499
2024-03-15,HARBOR,99.809429
2024-03-15,TERRA,102.915013
2024-03-18,AURORA,105.255833
2024-03-18,CIRRUS,100.157043
2024-03-18,HARBOR,99.862332
2024-03-18,TERRA,102.700943
2024-03-19,AURORA,105.552559
2024-03-19,CIRRUS,100.572534
2024-03-19,HARBOR,99.649010
2024-03-19,TERRA,102.098778
2024-03-20,AURORA,108.174004
2024-03-20,CIRRUS,100.549892
2024-03-20,HARBOR,99.295482
2024-03-20,TERRA,101.787701
2024-03-21,AURORA,108.369542
2024-03-21,CIRRUS,101.136286
2024-03-21,HARBOR,98.921442
2024-03-21,TERRA,101.587610
2024-03-22,AURORA,107.439093
2024-03-22,CIRRUS,101.316636
2024-03-22,HARBOR,98.811309
2024-03-22,TERRA,101.990963
2024-03-25,AURORA,109.444790
2024-03-25,CIRRUS,101.363825
2024-03-25,HARBOR,98.837289
2024-03-25,TERRA,101.074532
2024-03-26,AURORA,108.533378
2024-03-26,CIRRUS,101.775037
2024-03-26,HARBOR,98.796498
2024-03-26,TERRA,101.249448
2024-03-27,AURORA,106.872207
2024-03-27,CIRRUS,101.715416
2024-03-27,HARBOR,98.848918
2024-03-27,TERRA,99.840301
2024-03-28,AURORA,106.266702
2024-03-28,CIRRUS,101.734027
2024-03-28,HARBOR,98.868251
2024-03-28,TERRA,98.757666
2024-03-29,AURORA,104.524495
2024-03-29,CIRRUS,101.752936
2024-03-29,HARBOR,98.721647
2024-03-29,TERRA,97.517299
2024-04-01,AURORA,104.071561
2024-04-01,CIRRUS,101.874614
2024-04-01,HARBOR,98.535474
2024-04-01,TERRA,96.040808
2024-04-02,AURORA,104.733573
2024-04-02,CIRRUS,102.097366
2024-04-02,HARBOR,98.401160
2024-04-02,TERRA,96.181491
2024-04-03,AURORA,106.731063
2024-04-03,CIRRUS,101.830529
2024-04-03,HARBOR,98.355313
2024-04-03,TERRA,95.421951
2024-04-04,AURORA,106.450684
2024-04-04,CIRRUS,101.953531
2024-04-04,HARBOR,98.449794
2024-04-04,TERRA,93.707444
2024-04-05,AURORA,107.406990
2024-04-05,CIRRUS,102.188861
2024-04-05,HARBOR,98.359690
2024-04-05,TERRA,94.002303
2024-04-08,AURORA,106.614874
2024-04-08,CIRRUS,102.687120
2024-04-08,HARBOR,98.416605
2024-04-08,TERRA,93.347658
2024-04-09,AURORA,106.118879
2024-04-09,CIRRUS,102.780664
2024-04-09,HARBOR,98.749033
2024-04-09,TERRA,93.230969
2024-04-10,AURORA,107.860472
2024-04-10,CIRRUS,102.352698
2024-04-10,HARBOR,98.955709
2024-04-10,TERRA,94.468060
2024-04-11,AURORA,107.684756
2024-04-11,CIRRUS,102.649176
2024-04-11,HARBOR,98.928414
2024-04-11,TERRA,93.869915
2024-04-12,AURORA,107.278827
2024-04-12,CIRRUS,102.922230
2024-04-12,HARBOR,98.845856
2024-04-12,TERRA,92.738055
2024-04-15,AURORA,106.708798
2024-04-15,CIRRUS,102.743792
2024-04-15,HARBOR,99.031519
2024-04-15,TERRA,91.793912
2024-04-16,AURORA,107.127822
2024-04-16,CIRRUS,103.236953
2024-04-16,HARBOR,98.905312
2024-04-16,TERRA,92.014775
2024-04-17,AURORA,108.673100
2024-04-17,CIRRUS,103.225712
2024-04-17,HARBOR,98.813514
2024-04-17,TERRA,93.294161
2024-04-18,AURORA,108.046831
2024-04-18,CIRRUS,103.175448
2024-04-18,HARBOR,98.930520
2024-04-18,TERRA,92.811758
2024-04-19,AURORA,108.038222
2024-04-19,CIRRUS,103.873027
2024-04-19,HARBOR,98.971603
2024-04-19,TERRA,92.890796
2024-04-22,AURORA,106.568696
2024-04-22,CIRRUS,104.466006
2024-04-22,HARBOR,98.834554
2024-04-22,TERRA,91.422557
2024-04-23,AURORA,106.133191
2024-04-23,CIRRUS,104.524610
2024-04-23,HARBOR,98.623601
2024-04-23,TERRA,92.619718
2024-04-24,AURORA,105.718065
2024-04-24,CIRRUS,104.889592
2024-04-24,HARBOR,98.637517
2024-04-24,TERRA,91.609881
2024-04-25,AURORA,107.142908
2024-04-25,CIRRUS,105.144099
2024-04-25,HARBOR,98.656934
2024-04-25,TERRA,92.396103
2024-04-26,AURORA,108.746398
2024-04-26,CIRRUS,104.630518
2024-04-26,HARBOR,98.454642
2024-04-26,TERRA,93.206077
2024-04-29,AURORA,108.993998
2024-04-29,CIRRUS,104.388400
2024-04-29,HARBOR,98.462063
2024-04-29,TERRA,93.671152
2024-04-30,AURORA,110.204651
2024-04-30,CIRRUS,104.684265
2024-04-30,HARBOR,98.493959
2024-04-30,TERRA,93.066158
2024-05-01,AURORA,109.257840
2024-05-01,CIRRUS,104.259998
2024-05-01,HARBOR,98.714218
2024-05-01,TERRA,93.530053
2024-05-02,AURORA,108.716452
2024-05-02,CIRRUS,104.224625
2024-05-02,HARBOR,98.880349
2024-05-02,TERRA,92.649191
2024-05-03,AURORA,109.813983
2024-05-03,CIRRUS,104.334390
2024-05-03,HARBOR,99.130622
2024-05-03,TERRA,92.216356
2024-05-06,AURORA,108.920788
2024-05-06,CIRRUS,104.661968
2024-05-06,HARBOR,99.129837
2024-05-06,TERRA,91.568429
2024-05-07,AURORA,109.783754
2024-05-07,CIRRUS,104.366292
2024-05-07,HARBOR,98.982386
2024-05-07,TERRA,92.689071
2024-05-08,AURORA,110.558186
2024-05-08,CIRRUS,105.022974
2024-05-08,HARBOR,99.247626
2024-05-08,TERRA,92.454966
2024-05-09,AURORA,110.920813
2024-05-09,CIRRUS,105.126328
2024-05-09,HARBOR,99.086497
2024-05-09,TERRA,93.223510
2024-05-10,AURORA,111.547107
2024-05-10,CIRRUS,105.502296
2024-05-10,HARBOR,99.125560
2024-05-10,TERRA,93.096681
2024-05-13,AURORA,111.884813
2024-05-13,CIRRUS,105.718288
2024-05-13,HARBOR,99.157183
2024-05-13,TERRA,93.656797
2024-05-14,AURORA,109.732585
2024-05-14,CIRRUS,105.867128
2024-05-14,HARBOR,99.173471
2024-05-14,TERRA,94.436585
2024-05-15,AURORA,107.113916
2024-05-15,CIRRUS,106.116035
2024-05-15,HARBOR,99.071032
2024-05-15,TERRA,92.513928
2024-05-16,AURORA,107.696495
2024-05-16,CIRRUS,105.572575
2024-05-16,HARBOR,99.017671
2024-05-16,TERRA,93.043907
2024-05-17,AURORA,107.901282
2024-05-17,CIRRUS,105.968211
2024-05-17,HARBOR,99.076430
2024-05-17,TERRA,93.755498
2024-05-20,AURORA,108.876083
2024-05-20,CIRRUS,105.789985
2024-05-20,HARBOR,98.794138
2024-05-20,TERRA,94.130312
2024-05-21,AURORA,107.541659
2024-05-21,CIRRUS,105.503786
2024-05-21,HARBOR,98.740608
2024-05-21,TERRA,94.980227
2024-05-22,AURORA,107.421972
2024-05-22,CIRRUS,105.220588
2024-05-22,HARBOR,98.761650
2024-05-22,TERRA,95.139377
2024-05-23,AURORA,107.323110
2024-05-23,CIRRUS,105.042802
2024-05-23,HARBOR,98.622199
2024-05-23,TERRA,95.662065
2024-05-24,AURORA,107.877242
2024-05-24,CIRRUS,105.474328
2024-05-24,HARBOR,98.584376
2024-05-24,TERRA,96.393706
2024-05-27,AURORA,107.853429
2024-05-27,CIRRUS,105.269628
2024-05-27,HARBOR,98.657567
2024-05-27,TERRA,95.805731
2024-05-28,AURORA,106.872060
2024-05-28,CIRRUS,104.770116
2024-05-28,HARBOR,98.947595
2024-05-28,TERRA,95.559139
2024-05-29,AURORA,105.459729
2024-05-29,CIRRUS,105.523882
2024-05-29,HARBOR,98.903305
2024-05-29,TERRA,94.520193
2024-05-30,AURORA,104.327523
2024-05-30,CIRRUS,105.981405
2024-05-30,HARBOR,98.533853
2024-05-30,TERRA,93.576323
2024-05-31,AURORA,104.922406
2024-05-31,CIRRUS,105.692529
2024-05-31,HARBOR,98.529418
2024-05-31,TERRA,94.557458
2024-06-03,AURORA,105.163897
2024-06-03,CIRRUS,105.608450
2024-06-03,HARBOR,98.466570
2024-06-03,TERRA,95.565176
2024-06-04,AURORA,104.031537
2024-06-04,CIRRUS,105.618464
2024-06-04,HARBOR,98.484898
2024-06-04,TERRA,95.711931
2024-06-05,AURORA,102.503936
2024-06-05,CIRRUS,106.144917
2024-06-05,HARBOR,98.525010
2024-06-05,TERRA,94.811997
2024-06-06,AURORA,102.479448
2024-06-06,CIRRUS,105.755868
2024-06-06,HARBOR,98.628223
2024-06-06,TERRA,95.345127
2024-06-07,AURORA,102.397494
2024-06-07,CIRRUS,105.919116
2024-06-07,HARBOR,98.924492
2024-06-07,TERRA,94.340549
2024-06-10,AURORA,101.877567
2024-06-10,CIRRUS,105.630314
2024-06-10,HARBOR,98.907074
2024-06-10,TERRA,94.164410
2024-06-11,AURORA,102.526396
2024-06-11,CIRRUS,104.952355
2024-06-11,HARBOR,98.961547
2024-06-11,TERRA,94.611124
2024-06-12,AURORA,102.040916
2024-06-12,CIRRUS,105.012469
2024-06-12,HARBOR,99.024625
2024-06-12,TERRA,95.533999
2024-06-13,AURORA,100.427908
2024-06-13,CIRRUS,105.056600
2024-06-13,HARBOR,99.254353
2024-06-13,TERRA,94.623756
2024-06-14,AURORA,99.264093
2024-06-14,CIRRUS,105.301201
2024-06-14,HARBOR,99.419770
2024-06-14,TERRA,93.138470
2024-06-17,AURORA,95.822242
2024-06-17,CIRRUS,105.843243
2024-06-17,HARBOR,99.252710
2024-06-17,TERRA,92.967524
2024-06-18,AURORA,95.128981
2024-06-18,CIRRUS,106.231692
2024-06-18,HARBOR,99.327022
2024-06-18,TERRA,92.372033
2024-06-19,AURORA,96.429782
2024-06-19,CIRRUS,106.218853
2024-06-19,HARBOR,98.854931
2024-06-19,TERRA,92.140027
2024-06-20,AURORA,95.617573
2024-06-20,CIRRUS,106.716946
2024-06-20,HARBOR,99.030655
2024-06-20,TERRA,91.989628
2024-06-21,AURORA,95.277999
2024-06-21,CIRRUS,106.772623
2024-06-21,HARBOR,99.000149
2024-06-21,TERRA,92.367373
2024-06-24,AURORA,95.481222
2024-06-24,CIRRUS,106.488873
2024-06-24,HARBOR,99.086847
2024-06-24,TERRA,91.424135
2024-06-25,AURORA,95.486417
2024-06-25,CIRRUS,106.418061
2024-06-25,HARBOR,99.037974
2024-06-25,TERRA,91.929306
2024-06-26,AURORA,95.016434
2024-06-26,CIRRUS,106.562472
2024-06-26,HARBOR,99.070952
2024-06-26,TERRA,91.742938
2024-06-27,AURORA,95.203556
2024-06-27,CIRRUS,106.672303
2024-06-27,HARBOR,99.052380
2024-06-27,TERRA,91.223551
2024-06-28,AURORA,97.533775
2024-06-28,CIRRUS,105.798271
2024-06-28,HARBOR,98.985126
2024-06-28,TERRA,92.206339
2024-07-01,AURORA,97.901423
2024-07-01,CIRRUS,105.677398
2024-07-01,HARBOR,98.829711
2024-07-01,TERRA,91.419686
2024-07-02,AURORA,97.078682
2024-07-02,CIRRUS,106.576000
2024-07-02,HARBOR,98.584269
2024-07-02,TERRA,90.593642
2024-07-03,AURORA,96.074983
2024-07-03,CIRRUS,107.091558
2024-07-03,HARBOR,98.589610
2024-07-03,TERRA,90.062836
2024-07-04,AURORA,96.387190
2024-07-04,CIRRUS,107.212740
2024-07-04,HARBOR,98.464923
2024-07-04,TERRA,90.284024
2024-07-05,AURORA,97.975330
2024-07-05,CIRRUS,106.494693
2024-07-05,HARBOR,98.431398
2024-07-05,TERRA,90.326002
2024-07-08,AURORA,98.397675
2024-07-08,CIRRUS,106.691259
2024-07-08,HARBOR,98.565104
2024-07-08,TERRA,90.213041
2024-07-09,AURORA,99.529602
2024-07-09,CIRRUS,106.913849
2024-07-09,HARBOR,98.506627
2024-07-09,TERRA,91.087323
2024-07-10,AURORA,102.353241
2024-07-10,CIRRUS,106.122817
2024-07-10,HARBOR,98.486503
2024-07-10,TERRA,92.807497
2024-07-11,AURORA,102.534950
2024-07-11,CIRRUS,105.977121
2024-07-11,HARBOR,98.267578
2024-07-11,TERRA,93.108142
2024-07-12,AURORA,103.665134
2024-07-12,CIRRUS,105.968278
2024-07-12,HARBOR,98.327696
2024-07-12,TERRA,92.521037
2024-07-15,AURORA,102.181729
2024-07-15,CIRRUS,106.169730
2024-07-15,HARBOR,98.516152
2024-07-15,TERRA,92.419446
2024-07-16,AURORA,100.802412
2024-07-16,CIRRUS,106.519274
2024-07-16,HARBOR,98.459599
2024-07-16,TERRA,92.654125
2024-07-17,AURORA,99.462618
2024-07-17,CIRRUS,105.998003
2024-07-17,HARBOR,98.469620
2024-07-17,TERRA,91.553210
2024-07-18,AURORA,98.279034
2024-07-18,CIRRUS,106.161064
2024-07-18,HARBOR,98.554117
2024-07-18,TERRA,90.619962
2024-07-19,AURORA,97.644614
2024-07-19,CIRRUS,105.588097
2024-07-19,HARBOR,98.613267
2024-07-19,TERRA,90.407068
2024-07-22,AURORA,96.281274
2024-07-22,CIRRUS,106.271887
2024-07-22,HARBOR,98.737120
2024-07-22,TERRA,89.982217
2024-07-23,AURORA,96.512847
2024-07-23,CIRRUS,106.271720
2024-07-23,HARBOR,98.729505
2024-07-23,TERRA,90.075688
2024-07-24,AURORA,95.895411
2024-07-24,CIRRUS,106.597526
2024-07-24,HARBOR,98.706615
2024-07-24,TERRA,89.597488
2024-07-25,AURORA,97.350628
2024-07-25,CIRRUS,107.501029
2024-07-25,HARBOR,98.849078
2024-07-25,TERRA,90.683220
2024-07-26,AURORA,98.072478
2024-07-26,CIRRUS,107.655796
2024-07-26,HARBOR,98.784568
2024-07-26,TERRA,90.932254
2024-07-29,AURORA,97.790043
2024-07-29,CIRRUS,107.600250
2024-07-29,HARBOR,98.680514
2024-07-29,TERRA,91.209143
2024-07-30,AURORA,98.658967
2024-07-30,CIRRUS,107.481836
2024-07-30,HARBOR,98.691988
2024-07-30,TERRA,90.928428
2024-07-31,AURORA,97.617942
2024-07-31,CIRRUS,107.759667
2024-07-31,HARBOR,98.956300
2024-07-31,TERRA,91.272069
2024-08-01,AURORA,96.593343
2024-08-01,CIRRUS,107.238452
2024-08-01,HARBOR,99.125717
2024-08-01,TERRA,91.262782
2024-08-02,AURORA,95.453243
2024-08-02,CIRRUS,108.039957
2024-08-02,HARBOR,99.339919
2024-08-02,TERRA,90.183275
2024-08-05,AURORA,95.558049
2024-08-05,CIRRUS,108.752219
2024-08-05,HARBOR,99.436266
2024-08-05,TERRA,89.461217
2024-08-06,AURORA,95.949793
2024-08-06,CIRRUS,108.844272
2024-08-06,HARBOR,99.434820
2024-08-06,TERRA,89.509268
2024-08-07,AURORA,99.557501
2024-08-07,CIRRUS,108.647957
2024-08-07,HARBOR,99.282332
2024-08-07,TERRA,90.808351
2024-08-08,AURORA,98.962988
2024-08-08,CIRRUS,109.182188
2024-08-08,HARBOR,99.240421
2024-08-08,TERRA,91.103586
2024-08-09,AURORA,98.876171
2024-08-09,CIRRUS,108.800549
2024-08-09,HARBOR,99.316493
2024-08-09,TERRA,91.163898
2024-08-12,AURORA,99.447106
2024-08-12,CIRRUS,108.580767
2024-08-12,HARBOR,99.416926
2024-08-12,TERRA,91.442424
2024-08-13,AURORA,99.154392
2024-08-13,CIRRUS,108.714420
2024-08-13,HARBOR,99.203875
2024-08-13,TERRA,90.083827
2024-08-14,AURORA,98.038055
2024-08-14,CIRRUS,108.842075
2024-08-14,HARBOR,99.226993
2024-08-14,TERRA,90.360059
2024-08-15,AURORA,98.862225
2024-08-15,CIRRUS,108.227769
2024-08-15,HARBOR,99.127080
2024-08-15,TERRA,89.089196
2024-08-16,AURORA,99.083455
2024-08-16,CIRRUS,108.333757
2024-08-16,HARBOR,99.173736
2024-08-16,TERRA,89.691327
2024-08-19,AURORA,97.994386
2024-08-19,CIRRUS,108.867366
2024-08-19,HARBOR,99.329273
2024-08-19,TERRA,88.498403
2024-08-20,AURORA,97.286079
2024-08-20,CIRRUS,108.821756
2024-08-20,HARBOR,99.443760
2024-08-20,TERRA,88.099625
2024-08-21,AURORA,96.848133
2024-08-21,CIRRUS,108.567284
2024-08-21,HARBOR,99.517709
2024-08-21,TERRA,86.393384
2024-08-22,AURORA,97.667192
2024-08-22,CIRRUS,108.637659
2024-08-22,HARBOR,99.641711
2024-08-22,TERRA,86.669477
2024-08-23,AURORA,96.892399
2024-08-23,CIRRUS,109.078016
2024-08-23,HARBOR,99.630923
2024-08-23,TERRA,86.689781
2024-08-26,AURORA,96.053844
2024-08-26,CIRRUS,109.183604
2024-08-26,HARBOR,99.678183
2024-08-26,TERRA,86.032837
2024-08-27,AURORA,96.977307
2024-08-27,CIRRUS,108.713918
2024-08-27,HARBOR,99.800170
2024-08-27,TERRA,86.060867
2024-08-28,AURORA,95.863081
2024-08-28,CIRRUS,108.908825
2024-08-28,HARBOR,99.865082
2024-08-28,TERRA,86.764981
2024-08-29,AURORA,95.187115
2024-08-29,CIRRUS,108.987623
2024-08-29,HARBOR,100.002118
2024-08-29,TERRA,86.243876
2024-08-30,AURORA,96.099607
2024-08-30,CIRRUS,108.398286
2024-08-30,HARBOR,99.977608
2024-08-30,TERRA,86.344103
2024-09-02,AURORA,95.971006
2024-09-02,CIRRUS,108.223063
2024-09-02,HARBOR,100.010311
2024-09-02,TERRA,86.574214
2024-09-03,AURORA,95.258964
2024-09-03,CIRRUS,109.319908
2024-09-03,HARBOR,99.920800
2024-09-03,TERRA,86.271300
2024-09-04,AURORA,94.198452
2024-09-04,CIRRUS,110.021426
2024-09-04,HARBOR,99.920206
2024-09-04,TERRA,86.025217
2024-09-05,AURORA,94.720135
2024-09-05,CIRRUS,110.484729
2024-09-05,HARBOR,100.029300
2024-09-05,TERRA,86.408785
2024-09-06,AURORA,94.768005
2024-09-06,CIRRUS,110.488701
2024-09-06,HARBOR,99.869612
2024-09-06,TERRA,87.087139
2024-09-09,AURORA,93.628501
2024-09-09,CIRRUS,110.641640
2024-09-09,HARBOR,99.906861
2024-09-09,TERRA,86.731404
2024-09-10,AURORA,92.045940
2024-09-10,CIRRUS,110.619384
2024-09-10,HARBOR,100.052809
2024-09-10,TERRA,86.534659
2024-09-11,AURORA,90.500311
2024-09-11,CIRRUS,111.281374
2024-09-11,HARBOR,100.189295
2024-09-11,TERRA,85.284333
2024-09-12,AURORA,90.181969
2024-09-12,CIRRUS,111.166024
2024-09-12,HARBOR,100.359158
2024-09-12,TERRA,84.312031
2024-09-13,AURORA,88.911791
2024-09-13,CIRRUS,111.787669
2024-09-13,HARBOR,100.108731
2024-09-13,TERRA,83.069121
2024-09-16,AURORA,90.201690
2024-09-16,CIRRUS,111.613785
2024-09-16,HARBOR,100.167049
2024-09-16,TERRA,82.826856
2024-09-17,AURORA,91.519460
2024-09-17,CIRRUS,111.355108
2024-09-17,HARBOR,100.212602
2024-09-17,TERRA,83.343302
2024-09-18,AURORA,90.562395
2024-09-18,CIRRUS,112.035560
2024-09-18,HARBOR,100.252850
2024-09-18,TERRA,83.250019
2024-09-19,AURORA,90.810189
2024-09-19,CIRRUS,112.255003
2024-09-19,HARBOR,100.249369
2024-09-19,TERRA,82.050157
2024-09-20,AURORA,88.578717
2024-09-20,CIRRUS,112.626489
2024-09-20,HARBOR,100.004267
2024-09-20,TERRA,81.232872
2024-09-23,AURORA,89.582972
2024-09-23,CIRRUS,112.138659
2024-09-23,HARBOR,100.109153
2024-09-23,TERRA,81.042250
2024-09-24,AURORA,91.613732
2024-09-24,CIRRUS,112.294968
2024-09-24,HARBOR,100.063482
2024-09-24,TERRA,82.655645
2024-09-25,AURORA,91.221683
2024-09-25,CIRRUS,112.737689
2024-09-25,HARBOR,99.984912
2024-09-25,TERRA,82.956805
2024-09-26,AURORA,92.709465
2024-09-26,CIRRUS,112.524146
2024-09-26,HARBOR,99.949086
2024-09-26,TERRA,84.058477
2024-09-27,AURORA,94.285421
2024-09-27,CIRRUS,112.357883
2024-09-27,HARBOR,100.013981
2024-09-27,TERRA,83.931193
2024-09-30,AURORA,94.459327
2024-09-30,CIRRUS,112.390801
2024-09-30,HARBOR,99.960737
2024-09-30,TERRA,84.785980
2024-10-01,AURORA,94.357346
2024-10-01,CIRRUS,112.264911
2024-10-01,HARBOR,99.547378
2024-10-01,TERRA,84.713104
2024-10-02,AURORA,93.949152
2024-10-02,CIRRUS,112.632882
2024-10-02,HARBOR,99.444139
2024-10-02,TERRA,84.486684
2024-10-03,AURORA,94.978574
2024-10-03,CIRRUS,113.288391
2024-10-03,HARBOR,99.445917
2024-10-03,TERRA,83.951954
2024-10-04,AURORA,94.826037
2024-10-04,CIRRUS,112.854109
2024-10-04,HARBOR,99.440683
2024-10-04,TERRA,84.392352
2024-10-07,AURORA,92.828424
2024-10-07,CIRRUS,113.278609
2024-10-07,HARBOR,99.281317
2024-10-07,TERRA,84.378443
2024-10-08,AURORA,93.423058
2024-10-08,CIRRUS,113.261474
2024-10-08,HARBOR,99.327376
2024-10-08,TERRA,84.459290
2024-10-09,AURORA,94.045800
2024-10-09,CIRRUS,112.795041
2024-10-09,HARBOR,99.567735
2024-10-09,TERRA,84.827620
2024-10-10,AURORA,93.729593
2024-10-10,CIRRUS,112.441258
2024-10-10,HARBOR,99.612493
2024-10-10,TERRA,85.858082
2024-10-11,AURORA,93.320745
2024-10-11,CIRRUS,113.380149
2024-10-11,HARBOR,99.449908
2024-10-11,TERRA,85.612244
2024-10-14,AURORA,92.448849
2024-10-14,CIRRUS,113.326159
2024-10-14,HARBOR,99.428411
2024-10-14,TERRA,85.203635
2024-10-15,AURORA,91.636029
2024-10-15,CIRRUS,114.093517
2024-10-15,HARBOR,99.277913
2024-10-15,TERRA,84.087139
2024-10-16,AURORA,92.154650
2024-10-16,CIRRUS,114.107218
2024-10-16,HARBOR,99.389980
2024-10-16,TERRA,83.861791
2024-10-17,AURORA,93.371094
2024-10-17,CIRRUS,113.558725
2024-10-17,HARBOR,99.550056
2024-10-17,TERRA,84.221089
2024-10-18,AURORA,94.278618
2024-10-18,CIRRUS,113.513511
2024-10-18,HARBOR,99.653333
2024-10-18,TERRA,85.104874
2024-10-21,AURORA,94.488417
2024-10-21,CIRRUS,112.873400
2024-10-21,HARBOR,99.659720
2024-10-21,TERRA,84.932490
2024-10-22,AURORA,95.112971
2024-10-22,CIRRUS,113.291764
2024-10-22,HARBOR,99.640438
2024-10-22,TERRA,84.185462
2024-10-23,AURORA,94.678358
2024-10-23,CIRRUS,113.544470
2024-10-23,HARBOR,99.896783
2024-10-23,TERRA,84.211342
2024-10-24,AURORA,94.633276
2024-10-24,CIRRUS,114.186858
2024-10-24,HARBOR,99.928931
2024-10-24,TERRA,84.979743
2024-10-25,AURORA,94.537973
2024-10-25,CIRRUS,114.870909
2024-10-25,HARBOR,99.914155
2024-10-25,TERRA,84.407981
2024-10-28,AURORA,93.457548
2024-10-28,CIRRUS,115.442064
2024-10-28,HARBOR,100.005122
2024-10-28,TERRA,84.438618
2024-10-29,AURORA,95.640650
2024-10-29,CIRRUS,115.427006
2024-10-29,HARBOR,100.053776
2024-10-29,TERRA,85.200299
2024-10-30,AURORA,94.974756
2024-10-30,CIRRUS,116.687494
2024-10-30,HARBOR,99.907631
2024-10-30,TERRA,85.167075
2024-10-31,AURORA,93.200818
2024-10-31,CIRRUS,116.799101
2024-10-31,HARBOR,99.914966
2024-10-31,TERRA,84.840052
2024-11-01,AURORA,94.896121
2024-11-01,CIRRUS,116.809747
2024-11-01,HARBOR,99.966677
2024-11-01,TERRA,85.727921
2024-11-04,AURORA,95.530991
2024-11-04,CIRRUS,116.645263
2024-11-04,HARBOR,99.843701
2024-11-04,TERRA,86.484026
2024-11-05,AURORA,96.156734
2024-11-05,CIRRUS,116.963457
2024-11-05,HARBOR,99.820119
2024-11-05,TERRA,86.607950
2024-11-06,AURORA,96.818740
2024-11-06,CIRRUS,116.463461
2024-11-06,HARBOR,99.869865
2024-11-06,TERRA,85.649081
2024-11-07,AURORA,97.286896
2024-11-07,CIRRUS,116.120897
2024-11-07,HARBOR,99.750929
2024-11-07,TERRA,87.176894
2024-11-08,AURORA,96.047607
2024-11-08,CIRRUS,116.087294
2024-11-08,HARBOR,99.726516
2024-11-08,TERRA,87.326876
2024-11-11,AURORA,96.909163
2024-11-11,CIRRUS,116.060062
2024-11-11,HARBOR,99.913935
2024-11-11,TERRA,87.591738
2024-11-12,AURORA,97.823868
2024-11-12,CIRRUS,116.174408
2024-11-12,HARBOR,99.748234
2024-11-12,TERRA,87.442203
2024-11-13,AURORA,98.822356
2024-11-13,CIRRUS,116.156877
2024-11-13,HARBOR,99.896102
2024-11-13,TERRA,86.969380
2024-11-14,AURORA,99.445129
2024-11-14,CIRRUS,116.258953
2024-11-14,HARBOR,100.140698
2024-11-14,TERRA,87.728763
2024-11-15,AURORA,100.064547
2024-11-15,CIRRUS,116.335591
2024-11-15,HARBOR,100.188090
2024-11-15,TERRA,87.433484
2024-11-18,AURORA,100.213866
2024-11-18,CIRRUS,116.185613
2024-11-18,HARBOR,100.261072
2024-11-18,TERRA,88.397442
2024-11-19,AURORA,100.618771
2024-11-19,CIRRUS,115.851798
2024-11-19,HARBOR,100.537617
2024-11-19,TERRA,88.341066
2024-11-20,AURORA,102.032266
2024-11-20,CIRRUS,115.762157
2024-11-20,HARBOR,100.515360
2024-11-20,TERRA,89.191409
2024-11-21,AURORA,101.978346
2024-11-21,CIRRUS,115.804032
2024-11-21,HARBOR,100.463643
2024-11-21,TERRA,89.983760
2024-11-22,AURORA,104.143696
2024-11-22,CIRRUS,115.548172
2024-11-22,HARBOR,100.313544
2024-11-22,TERRA,89.501806
2024-11-25,AURORA,102.918394
2024-11-25,CIRRUS,115.253770
2024-11-25,HARBOR,100.515206
2024-11-25,TERRA,89.558639
2024-11-26,AURORA,104.173456
2024-11-26,CIRRUS,115.507844
2024-11-26,HARBOR,100.561856
2024-11-26,TERRA,90.503370
2024-11-27,AURORA,105.186007
2024-11-27,CIRRUS,114.958648
2024-11-27,HARBOR,100.555938
2024-11-27,TERRA,90.231194
2024-11-28,AURORA,104.116497
2024-11-28,CIRRUS,114.694105
2024-11-28,HARBOR,100.634686
2024-11-28,TERRA,90.540314
2024-11-29,AURORA,104.008879
2024-11-29,CIRRUS,114.228024
2024-11-29,HARBOR,100.609295
2024-11-29,TERRA,90.429355
2024-12-02,AURORA,102.799584
2024-12-02,CIRRUS,113.987101
2024-12-02,HARBOR,100.651793
2024-12-02,TERRA,90.866546
2024-12-03,AURORA,103.728625
2024-12-03,CIRRUS,114.174270
2024-12-03,HARBOR,100.800281
2024-12-03,TERRA,91.825259
2024-12-04,AURORA,103.229143
2024-12-04,CIRRUS,114.185230
2024-12-04,HARBOR,100.762746
2024-12-04,TERRA,92.032556
2024-12-05,AURORA,102.974205
2024-12-05,CIRRUS,114.030216
2024-12-05,HARBOR,100.925308
2024-12-05,TERRA,92.707045
2024-12-06,AURORA,103.242673
2024-12-06,CIRRUS,114.525228
2024-12-06,HARBOR,101.001160
2024-12-06,TERRA,93.358155
2024-12-09,AURORA,104.831271
2024-12-09,CIRRUS,114.945828
2024-12-09,HARBOR,100.832481
2024-12-09,TERRA,93.351641
2024-12-10,AURORA,105.371107
2024-12-10,CIRRUS,114.997458
2024-12-10,HARBOR,100.813707
2024-12-10,TERRA,92.981920
2024-12-11,AURORA,104.080869
2024-12-11,CIRRUS,114.577341
2024-12-11,HARBOR,101.125891
2024-12-11,TERRA,92.653785
2024-12-12,AURORA,102.445693
2024-12-12,CIRRUS,114.848365
2024-12-12,HARBOR,100.946503
2024-12-12,TERRA,91.146678
2024-12-13,AURORA,100.890740
2024-12-13,CIRRUS,115.274505
2024-12-13,HARBOR,100.939144
2024-12-13,TERRA,89.737268
2024-12-16,AURORA,100.165702
2024-12-16,CIRRUS,115.681527
2024-12-16,HARBOR,100.654870
2024-12-16,TERRA,87.995315
2024-12-17,AURORA,100.159801
2024-12-17,CIRRUS,115.845483
2024-12-17,HARBOR,100.717861
2024-12-17,TERRA,87.281760
2024-12-18,AURORA,101.023474
2024-12-18,CIRRUS,115.419391
2024-12-18,HARBOR,100.744985
2024-12-18,TERRA,88.676850
2024-12-19,AURORA,102.237289
2024-12-19,CIRRUS,115.343333
2024-12-19,HARBOR,100.633889
2024-12-19,TERRA,89.277403
2024-12-20,AURORA,104.201781
2024-12-20,CIRRUS,115.098736
2024-12-20,HARBOR,100.825008
2024-12-20,TERRA,90.008442
2024-12-23,AURORA,104.498391
2024-12-23,CIRRUS,115.148159
2024-12-23,HARBOR,101.041999
2024-12-23,TERRA,91.563676
2024-12-24,AURORA,105.645017
2024-12-24,CIRRUS,114.264019
2024-12-24,HARBOR,101.116135
2024-12-24,TERRA,91.759148
2024-12-25,AURORA,105.585847
2024-12-25,CIRRUS,114.222521
2024-12-25,HARBOR,100.971374
2024-12-25,TERRA,92.384531
2024-12-26,AURORA,106.330130
2024-12-26,CIRRUS,113.788934
2024-12-26,HARBOR,101.085847
2024-12-26,TERRA,91.808639
2024-12-27,AURORA,107.202211
2024-12-27,CIRRUS,113.272303
2024-12-27,HARBOR,100.984924
2024-12-27,TERRA,92.856184
2024-12-30,AURORA,106.173518
2024-12-30,CIRRUS,112.865259
2024-12-30,HARBOR,101.004534
2024-12-30,TERRA,92.054887
2024-12-31,AURORA,104.970015
2024-12-31,CIRRUS,113.505436
2024-12-31,HARBOR,100.977272
2024-12-31,TERRA,91.433750
2025-01-01,AURORA,104.482904
2025-01-01,CIRRUS,114.420096
2025-01-01,HARBOR,100.801814
2025-01-01,TERRA,91.422780
2025-01-02,AURORA,103.632973
2025-01-02,CIRRUS,114.628142
2025-01-02,HARBOR,100.794428
2025-01-02,TERRA,90.756476
2025-01-03,AURORA,102.928930
2025-01-03,CIRRUS,114.777674
2025-01-03,HARBOR,101.021422
2025-01-03,TERRA,90.764594
2025-01-06,AURORA,102.621136
2025-01-06,CIRRUS,114.570221
2025-01-06,HARBOR,101.149760
2025-01-06,TERRA,90.919569
2025-01-07,AURORA,104.006606
2025-01-07,CIRRUS,113.810635
2025-01-07,HARBOR,101.003804
2025-01-07,TERRA,90.101358
2025-01-08,AURORA,103.995518
2025-01-08,CIRRUS,114.262476
2025-01-08,HARBOR,101.033950
2025-01-08,TERRA,90.757657
2025-01-09,AURORA,103.879085
2025-01-09,CIRRUS,114.538786
2025-01-09,HARBOR,100.993991
2025-01-09,TERRA,91.511342
2025-01-10,AURORA,106.676869
2025-01-10,CIRRUS,114.506067
2025-01-10,HARBOR,100.924693
2025-01-10,TERRA,92.251548
2025-01-13,AURORA,107.585592
2025-01-13,CIRRUS,113.815458
2025-01-13,HARBOR,100.961162
2025-01-13,TERRA,92.301733
2025-01-14,AURORA,107.050622
2025-01-14,CIRRUS,113.852685
2025-01-14,HARBOR,100.825408
2025-01-14,TERRA,91.604773
2025-01-15,AURORA,105.064928
2025-01-15,CIRRUS,114.082563
2025-01-15,HARBOR,101.026507
2025-01-15,TERRA,90.457594
2025-01-16,AURORA,105.798297
2025-01-16,CIRRUS,114.403827
2025-01-16,HARBOR,101.234142
2025-01-16,TERRA,91.904196
2025-01-17,AURORA,106.602163
2025-01-17,CIRRUS,114.318871
2025-01-17,HARBOR,101.681846
2025-01-17,TERRA,92.503961
2025-01-20,AURORA,107.180918
2025-01-20,CIRRUS,114.184063
2025-01-20,HARBOR,101.732682
2025-01-20,TERRA,92.473226
2025-01-21,AURORA,108.869299
2025-01-21,CIRRUS,114.353776
2025-01-21,HARBOR,101.978110
2025-01-21,TERRA,93.414727
2025-01-22,AURORA,109.490500
2025-01-22,CIRRUS,114.531904
2025-01-22,HARBOR,101.966676
2025-01-22,TERRA,94.101671
2025-01-23,AURORA,109.121187
2025-01-23,CIRRUS,114.557003
2025-01-23,HARBOR,102.114586
2025-01-23,TERRA,93.693289
2025-01-24,AURORA,109.580135
2025-01-24,CIRRUS,114.641927
2025-01-24,HARBOR,102.084404
2025-01-24,TERRA,92.457149
2025-01-27,AURORA,109.294679
2025-01-27,CIRRUS,115.018618
2025-01-27,HARBOR,102.095375
2025-01-27,TERRA,92.359957
2025-01-28,AURORA,108.262137
2025-01-28,CIRRUS,114.697591
2025-01-28,HARBOR,102.294347
2025-01-28,TERRA,91.451179
2025-01-29,AURORA,108.903139
2025-01-29,CIRRUS,114.385905
2025-01-29,HARBOR,102.150039
2025-01-29,TERRA,91.093655
2025-01-30,AURORA,108.672894
2025-01-30,CIRRUS,114.418087
2025-01-30,HARBOR,101.958305
2025-01-30,TERRA,91.398165
2025-01-31,AURORA,106.693022
2025-01-31,CIRRUS,114.276283
2025-01-31,HARBOR,101.981177
2025-01-31,TERRA,90.371665
2025-02-03,AURORA,107.696006
2025-02-03,CIRRUS,114.346634
2025-02-03,HARBOR,102.080024
2025-02-03,TERRA,91.044773
2025-02-04,AURORA,106.975575
2025-02-04,CIRRUS,114.712930
2025-02-04,HARBOR,102.013890
2025-02-04,TERRA,91.122012
2025-02-05,AURORA,106.601067
2025-02-05,CIRRUS,114.749708
2025-02-05,HARBOR,102.052418
2025-02-05,TERRA,92.049390
2025-02-06,AURORA,106.074181
2025-02-06,CIRRUS,115.153139
2025-02-06,HARBOR,102.002861
2025-02-06,TERRA,91.234014
2025-02-07,AURORA,106.794893
2025-02-07,CIRRUS,115.190483
2025-02-07,HARBOR,101.776042
2025-02-07,TERRA,92.178870
2025-02-10,AURORA,107.448936
2025-02-10,CIRRUS,114.850590
2025-02-10,HARBOR,101.755903
2025-02-10,TERRA,92.755843
2025-02-11,AURORA,107.942000
2025-02-11,CIRRUS,115.111126
2025-02-11,HARBOR,101.749527
2025-02-11,TERRA,93.885648
2025-02-12,AURORA,108.283453
2025-02-12,CIRRUS,115.000208
2025-02-12,HARBOR,101.779802
2025-02-12,TERRA,92.766184
2025-02-13,AURORA,108.625309
2025-02-13,CIRRUS,114.559012
2025-02-13,HARBOR,101.892115
2025-02-13,TERRA,92.832743
2025-02-14,AURORA,106.692900
2025-02-14,CIRRUS,115.054784
2025-02-14,HARBOR,102.190872
2025-02-14,TERRA,93.141143
2025-02-17,AURORA,107.117734
2025-02-17,CIRRUS,115.087987
2025-02-17,HARBOR,102.103187
2025-02-17,TERRA,93.002919
2025-02-18,AURORA,105.755335
2025-02-18,CIRRUS,114.851188
2025-02-18,HARBOR,101.793735
2025-02-18,TERRA,93.116366
2025-02-19,AURORA,106.408874
2025-02-19,CIRRUS,114.693731
2025-02-19,HARBOR,101.999139
2025-02-19,TERRA,93.905638
2025-02-20,AURORA,104.644011
2025-02-20,CIRRUS,114.904420
2025-02-20,HARBOR,101.642683
2025-02-20,TERRA,93.200980
2025-02-21,AURORA,105.446923
2025-02-21,CIRRUS,114.731081
2025-02-21,HARBOR,101.819053
2025-02-21,TERRA,93.492195
2025-02-24,AURORA,106.561305
2025-02-24,CIRRUS,114.468075
2025-02-24,HARBOR,101.896575
2025-02-24,TERRA,92.735834
